title,company,location,link
Python Developer - REMOTE,Piper Companies,+10 locationsRemote,https://www.indeed.com/viewjob?jk=b6202c028af8ee2d
Software Development (All Levels),Insurity,Remote,https://www.indeed.com/viewjob?jk=676599852a737304
Business Analyst (Entry Level),Agama Solutions,+5 locationsRemote,https://www.indeed.com/viewjob?jk=7a2f9cc2cc982a1e
Data Analyst + Apprentice (Entry-Level),New Apprenticeship,"Raleigh, NC 27617 (Northwest Raleigh area)+5 locations",https://www.indeed.com/viewjob?jk=ff09b68e0d18d36e
CSS & HTML Developer,Humanity,"Remote in Myrtle Point, OR 97458",https://www.indeed.com/viewjob?jk=cceee5b57c71a193
​​​​​​​Data Analyst (Python),Qcentrio,Remote in United States+2 locations,https://www.indeed.com/viewjob?jk=338d8f46611cb799
Python Developer,Paktolus,Remote,https://www.indeed.com/viewjob?jk=df1cce3cc988f374
Python Developer,Agama Solutions,"Remote in San Francisco, CA+1 location",https://www.indeed.com/viewjob?jk=f6a64372a5851eec
Data Engineer - Python,Piper Companies,+6 locationsRemote,https://www.indeed.com/viewjob?jk=d9b3e84247ce803a
Software Development (All Levels),Instec Corp,Remote,https://www.indeed.com/viewjob?jk=a9ef10d383bd5360
Python Developer,Qcentrio,"Austin, TX+3 locations",https://www.indeed.com/viewjob?jk=d4f93d6f9c875d6d
Entry Level Business Analyst,Agama Solutions,+1 locationRemote,https://www.indeed.com/viewjob?jk=6f6a1c18da31655b
MACHINE LEARNING DATA SCIENTIST - PYTHON AND R,InspiHER Tech,Remote,https://www.indeed.com/viewjob?jk=10be5b703cba933a
Data Scientist,Agama Solutions,"Remote in San Francisco Bay Area, CA+1 location",https://www.indeed.com/viewjob?jk=8ab41096cb3c3264
Machine Learning Engineer - Similarity Search,Fyusion,Remote,https://www.indeed.com/viewjob?jk=c19b23433d1bcde5
Product Software Engineer (Python) (Clean Tech Job) (Remote),UtilityAPI,+1 locationRemote,https://www.indeed.com/viewjob?jk=e928dbd4d65b1601
MUSA - 4450 - Backend Python,MomentoUSA,Remote,https://www.indeed.com/viewjob?jk=763db7e9a0ae34e6
Data Analyst,Montaro,Remote,https://www.indeed.com/viewjob?jk=8fc334fd3bb6818c
"Translation Specialist (EN-FR_CA), French CX, Amazon Canada","Amazon.com.ca, Inc. (US)",Remote,https://www.indeed.com/viewjob?jk=5e43f404ef9d3621
Remote Software Engineer (Python),Piper Companies,+10 locationsRemote,https://www.indeed.com/viewjob?jk=0365e11040b16d67
Remote Machine Learning Engineer,Piper Companies,+3 locationsRemote,https://www.indeed.com/viewjob?jk=eb9caca23b56bde3
Software Engineer - Apprentice,wepay,"Remote in Palo Alto, CA+4 locations",https://www.indeed.com/viewjob?jk=4d532361313682c1
Customer Success Representative,RStudio,+5 locationsRemote,https://www.indeed.com/viewjob?jk=703cf7d290b46049
"Junior Technical Support, Python (Remote)",INTEL 471,Remote,https://www.indeed.com/viewjob?jk=3c71c4a62fdf588c
Jr Python Automation,Qcentrio,"Houston, TX",https://www.indeed.com/viewjob?jk=c130413127390874
Entry Level Software Developer,Grant Street Group,Remote,https://www.indeed.com/viewjob?jk=f29f480069fa33cf
Python Developer,Santex Group,United States,https://www.indeed.com/viewjob?jk=040f2c487a3dd6d3
Security Engineer,Lime,Remote,https://www.indeed.com/viewjob?jk=f94c19c91e9bd904
Junior Developer - Python,Akuna Capital,"Chicago, IL 60604 (The Loop area)",https://www.indeed.com/viewjob?jk=c362a86904faacdd
Data Analyst,S&P Global,+3 locationsRemote,https://www.indeed.com/viewjob?jk=0729eacf6ca810d9
Deep & Dark Web Intelligence Analyst,Bogaard Group International,Remote in United States,https://www.indeed.com/viewjob?jk=7109d184baac70da
Data Scientist - Remote,McAfee,"Remote in San Jose, CA 95002",https://www.indeed.com/viewjob?jk=8805bfb40d367acb
Entry Level Python Developer,Marlabs,United States,https://www.indeed.com/viewjob?jk=940a07be6516c1d8
Python Tester,Qcentrio,"San Diego, CA",https://www.indeed.com/viewjob?jk=6d398775eb7efc43
PYTHON LIBRARY DEVELOPERS [MACHINE LEARNING],Big Apple Information Systems,"White Plains, NY 10606",https://www.indeed.com/viewjob?jk=6269be3f9d6b811b
Entry Level Python Software Development Engineer,Reynolds and Reynolds,"College Station, TX 77840",https://www.indeed.com/viewjob?jk=6d51a7b1384371ca
Python Engineer,HealthVerity,Remote,https://www.indeed.com/viewjob?jk=250924f874741688
Data Scientist,Stanislaus County,"Stanislaus County, CA",https://www.indeed.com/viewjob?jk=38ec664797b4b715
Python Developer,Webnexs,"Cheyenne, WY 82001",https://www.indeed.com/viewjob?jk=e80e9fb4813ea766
Business Python Developer,Fulton Service Solutions Inc,Remote,https://www.indeed.com/viewjob?jk=863eead6f7eebe32
Software Developer- Python,PNC Financial Services Group,"Remote in Pittsburgh, PA 15222+14 locations",https://www.indeed.com/viewjob?jk=2c1d77a35e4eba4d
Software Engineer (Python),EAB,+9 locationsRemote,https://www.indeed.com/viewjob?jk=e8b1f01b300e0fb5
PYTHON | DJANGO | ODOO ENGINEER,SnippetBucket Technologies,"Alexandria, VA 22307",https://www.indeed.com/viewjob?jk=8f57908b8101ef75
Production Programmer,Wiland,Remote,https://www.indeed.com/viewjob?jk=a6da63792d1d9f1d
Informatica - Python,Cognizant Technology Solutions,"Remote in Richmond, VA",https://www.indeed.com/viewjob?jk=5739d204272cab93
Python Developer for CDS,Xcelerate Solutions,"Remote in Lorton, VA 22079",https://www.indeed.com/viewjob?jk=87f38191149d23df
Python Developer [Remote],Braintrust,"Remote in San Francisco, CA+1 location",https://www.indeed.com/viewjob?jk=cc424505f92ecdb7
Software Developer (Remote),Workforce Opportunity Services,Remote in United States,https://www.indeed.com/viewjob?jk=d8846773cfd3d827
Data Analyst,SunPower,Remote,https://www.indeed.com/viewjob?jk=2f19dda1f8103016
Data Mentor (Part-time),Pathrise,Remote,https://www.indeed.com/viewjob?jk=1ca4abef538dab27
Junior Python Developer,ABS,"Arlington, VA 22201 (Clarendon-Courthouse area)",https://www.indeed.com/viewjob?jk=ccc0dd93b6024c49
Software Engineer (Python/Go) - Remote,Akamai,Remote in United States,https://www.indeed.com/viewjob?jk=91e356b966234d6c
Software Engineer - Backend/Python (100% Remote),Close.com,Remote,https://www.indeed.com/viewjob?jk=c52ab7b9e386624e
Python Dev / Analyst,Fuego Leads,"Columbus, OH 43215 (Downtown area)",https://www.indeed.com/viewjob?jk=71da39d9833d51ad
Software Engineer - Python,"JPMorgan Chase Bank, N.A.","Jersey City, NJ+96 locations",https://www.indeed.com/viewjob?jk=f8652705e326371a
Python Developer (Remote),NetCore Cloud Jobs,Remote,https://www.indeed.com/viewjob?jk=f4875f77da49323c
Python Framework Developer,LOCKHEED MARTIN CORPORATION,"Littleton, CO 80125+1 location",https://www.indeed.com/viewjob?jk=0e744d1545c6e5b6
PYTHON LIBRARY DEVELOPERS [MACHINE LEARNING],Big Apple Information Systems,"White Plains, NY 10606",https://www.indeed.com/viewjob?jk=6269be3f9d6b811b
Business Analyst I,Amex,"Sunrise, FL",https://www.indeed.com/viewjob?jk=1468b8c4d79b6de8
"Data Scientist, Spotify Advertising",Spotify,"Remote in New York, NY+5 locations",https://www.indeed.com/viewjob?jk=cf1dfad66649138a
Python Developer,"JPMorgan Chase Bank, N.A.","Columbus, OH+45 locations",https://www.indeed.com/viewjob?jk=d0afaee94c8b1e34
Data Scientist (Remote),Yelp,Remote,https://www.indeed.com/viewjob?jk=0072004f2d3180a4
Junior Software Engineer,Xometry Inc,+7 locationsRemote,https://www.indeed.com/viewjob?jk=e40d2e8113063ace
PYTHON DEVELOPER,OC10,"Charlotte, NC 28202 (Downtown Charlotte area)",https://www.indeed.com/viewjob?jk=f26b8209c93fdd28
"New College Grad Engineer, Python scripting and Reliability Test",Western Digital,"Remote in Rochester, MN 55906",https://www.indeed.com/viewjob?jk=0a71fa62bed639df
Part-Time Instructor: Python Programming (Online),The Regents of the University of California,"Remote in Irvine, CA+1 location",https://www.indeed.com/viewjob?jk=d77aabb290404136
Security Engineer,Lime,Remote,https://www.indeed.com/viewjob?jk=f94c19c91e9bd904
Backend Dev Python - Accu-Trade,Dealer Inspire,"Remote in Chicago, IL",https://www.indeed.com/viewjob?jk=4d17c65a2e7cfa1e
Data Scientist (Junior),BDSA,"Remote in Louisville, CO",https://www.indeed.com/viewjob?jk=c1e2abfc99160b71
Python Developer,Value Info Tech,"Phoenix, AZ",https://www.indeed.com/viewjob?jk=2fa1acf7705f32ea
Data Science Python Developer,Capital One - US,"McLean, VA",https://www.indeed.com/viewjob?jk=1560928b0aff686c
Senior Backend Engineer (Python) - REMOTE*,Tier Mobility GmbH,+1 locationRemote,https://www.indeed.com/viewjob?jk=75bf4013fd81f2fa
Python with AML & cloud,Qcentrio,"Plano, TX",https://www.indeed.com/viewjob?jk=53e3ecf9e0472b94
DevOps Engineer,Piper Companies,"Remote in Philadelphia, PA+3 locations",https://www.indeed.com/viewjob?jk=6c58a938d90f1202
Software Developer I (JavaScript and Python),Champaign County,"Urbana, IL 61802",https://www.indeed.com/viewjob?jk=32ff02de3195e019
Full Stack Engineer,Woven Teams,Remote,https://www.indeed.com/viewjob?jk=a3488d6387e452a9
Python Developer,Nexient,"Hybrid remote in Ann Arbor, MI 48108+1 location",https://www.indeed.com/viewjob?jk=292821733aebf170
"Senior Data Engineer (Python, Java, or Shell Scripting)",Amex,"Phoenix, AZ+12 locations",https://www.indeed.com/viewjob?jk=3744cf6a79c764d8
Senior Python Developer,CactusSoft,Georgia,https://www.indeed.com/viewjob?jk=07171ece945c0170
Backend Engineer II (Python),Pantheon,Remote,https://www.indeed.com/viewjob?jk=eda3bf1e0aa94573
Data Analyst,Hulu,"Santa Monica, CA",https://www.indeed.com/viewjob?jk=38d685cb5059bbd5
Vulnerability Management Engineer (Remote),CrowdStrike,Remote,https://www.indeed.com/viewjob?jk=c1a97e10da780945
Python Developer,Congruent Info-Tech,"Bellevue, WA 98007 (Lake Hills area)",https://www.indeed.com/viewjob?jk=d3bed7cda41d9f8f
"Data Engineer (Open to remote work, except the following locations: SD, VT, and WV)",Nike,"Remote in Atlanta, GA+9 locations",https://www.indeed.com/viewjob?jk=3843153749cd57a6
Ground Software — Associate Engineer (Summer/Fall 2022),Astranis,"San Francisco, CA+4 locations",https://www.indeed.com/viewjob?jk=2c9dfb88724c0d1b
Software Engineer – Python,Zilliant,Remote,https://www.indeed.com/viewjob?jk=e04157501c615ecf
Deep & Dark Web Intelligence Analyst,Bogaard Group International,Remote in United States,https://www.indeed.com/viewjob?jk=7109d184baac70da
Python Platform Engineer,Doximity,"Remote in Tulsa, OK",https://www.indeed.com/viewjob?jk=555d0b8e0a91203a
Data Mentor (Part-time),Pathrise,Remote,https://www.indeed.com/viewjob?jk=1ca4abef538dab27
Python Developer,Crunch.io,Remote in United States,https://www.indeed.com/viewjob?jk=b616c7551b5d0f3c
Data Analyst,Montaro,Remote,https://www.indeed.com/viewjob?jk=8fc334fd3bb6818c
Data Analyst,Seer Interactive,"Remote in San Diego, CA 92101+2 locations",https://www.indeed.com/viewjob?jk=f8d86d8e6b3e64b0
Advanced Python Engineer (Remote),Movista – Natural Insight,"Remote in Bentonville, AR 72712",https://www.indeed.com/viewjob?jk=2fbfe0a264ba848a
Support Opportunities,RStudio,"Remote in Seattle, WA",https://www.indeed.com/viewjob?jk=2c26339484d5141f
Python Developer,Cloud Info Global,United States,https://www.indeed.com/viewjob?jk=932a091051dd95b0
Middle to Senior Python Developer,NCube,+1 locationRemote,https://www.indeed.com/viewjob?jk=f7d3b4fcce01a484
Programmer / SWAP - Entry Level Hourly Position,LOCKHEED MARTIN CORPORATION,"Aurora, CO 80011 (Norfolk Glen area)+1 location",https://www.indeed.com/viewjob?jk=d538cf9b79b86254
Online Coding Instructor (Remote),CodeCombat,Remote,https://www.indeed.com/viewjob?jk=a349b5aacc54d9e1
Early Career Software Engineer - LCM (Python/ Golang),Nutanix,"San Jose, CA 95110 (North San Jose area)+10 locations",https://www.indeed.com/viewjob?jk=ee4696722e6765ba
Junior Developer - Python,Akuna Capital,"Chicago, IL 60604 (The Loop area)",https://www.indeed.com/viewjob?jk=c362a86904faacdd
Graduate Engineer,FiberSense,"Remote in San Francisco, CA",https://www.indeed.com/viewjob?jk=ec14ade55cf14403
Python Developer,Sofmen,"Saratoga, CA 95070",https://www.indeed.com/viewjob?jk=0b4f734af7890726
Python TL (Flask + Pandas),Adapty,"Cranford, NJ 07016",https://www.indeed.com/viewjob?jk=8916e08ae631af53
Python Developer,Career Soft Solutions,"Seattle, WA 98105 (Ravenna - U District area)+3 locations",https://www.indeed.com/viewjob?jk=fcac1e0e159f3427
Remote ELK Stack Consultant,Piper Companies,Remote,https://www.indeed.com/viewjob?jk=cdaa37129ea2d08b
FULL STACK DEVELOPMENT OPPORTUNITY (FULL-TIME) – 100% Remote,Performance,"Remote in Boston, MA 02110+17 locations",https://www.indeed.com/viewjob?jk=cfb76a688654926e
Analyst-Business Systems,Amex,"Sandy, UT 84094",https://www.indeed.com/viewjob?jk=87e61b43d18bba12
USA - Data Engineer-Python Pyspark,Avestacs,Remote,https://www.indeed.com/viewjob?jk=eb62262eec4672c8
Python Developer,Alertus,"Remote in Fort Lauderdale, FL 33315+1 location",https://www.indeed.com/viewjob?jk=02fe256ae470100c
Python Developer,Kaizen Technologies,"Austin, TX",https://www.indeed.com/viewjob?jk=46ea36608a468965
Sr. Software Test Engineer - Java or Python (Remote),CrowdStrike,Remote,https://www.indeed.com/viewjob?jk=dbc00b284dc12108
RBI - Software Engineer Python - Direct Hire [Remote],Braintrust,"Remote in San Francisco, CA+12 locations",https://www.indeed.com/viewjob?jk=bea8d2cd1b29d40f
Python Developer,Nuvento systems,+1 locationRemote,https://www.indeed.com/viewjob?jk=f2beba2d5640fd15
Data Engineer-Jr. - 4310780,Accenture,"Seattle, WA 98101 (Downtown area)+119 locations",https://www.indeed.com/viewjob?jk=b5870a113c46fbc1
Marketing Analyst,G5 Entertainment,Remote,https://www.indeed.com/viewjob?jk=415d0a5ce0fbb2db
Python Developer [Remote],Braintrust,"Remote in San Francisco, CA+1 location",https://www.indeed.com/viewjob?jk=cc424505f92ecdb7
Senior Python Developer,OMBU,"Remote in Portland, OR 97214",https://www.indeed.com/viewjob?jk=d13b06d1113de40c
Senior Python Engineer,Atlas Labs,Remote,https://www.indeed.com/viewjob?jk=4e515616a680e925
Python Data Engineer,Larsen & Toubro Infotech Limited,"Hoboken, NJ",https://www.indeed.com/viewjob?jk=31dd8276e899d0d8
Production Support Engineer,Piper Companies,Remote,https://www.indeed.com/viewjob?jk=88d5ae84058e669e
. Net Developer,Denken Solutions Inc,"Remote in Mountlake Terrace, WA",https://www.indeed.com/viewjob?jk=d7666868e5f201a0
Customer Support Specialist,dbt Labs,Remote in United States,https://www.indeed.com/viewjob?jk=95b23e6b43ac153b
Python Engineer,Capgemini,"Bellevue, WA+11 locations",https://www.indeed.com/viewjob?jk=d52e92e76d544222
Senior Python Developer,Ollanna,"San Francisco, CA",https://www.indeed.com/viewjob?jk=afd26d98ba52ad14
"Software Engineer, Python",Arcadia/Urjanet,"Remote in Washington, DC",https://www.indeed.com/viewjob?jk=ba8c0c88a41fb981
Software Engineer- Angular/Python (Remote),SPECTRIO LLC,"Remote in Charlotte, NC",https://www.indeed.com/viewjob?jk=a72012e23ea31a92
Cloud Software Engineer (Go/Python),Amex,"Palo Alto, CA+5 locations",https://www.indeed.com/viewjob?jk=23b0919214d2b1ea
Data Analyst (REMOTE),RealPage,"San Diego, CA 92103 (Park West area)",https://www.indeed.com/viewjob?jk=45c8ae158773c8db
"QA Automation in Python, DB Testing",Cognizant Technology Solutions,"Charlotte, NC 28201 (Myers Park area)+2 locations",https://www.indeed.com/viewjob?jk=67da173f97d7e6e0
Python Developer,Snap IT Solutions,"Houston, TX 77099 (Alief area)",https://www.indeed.com/viewjob?jk=0e10fe734c597c75
Python Code Reviewer - Training and Documentation - Contract,Bloomberg,"New York, NY 10261",https://www.indeed.com/viewjob?jk=a7fda1500ee389f2
Entry Level Full Stack Developer,LOCKHEED MARTIN CORPORATION,"Sunnyvale, CA 94089 (Lakewood area)+36 locations",https://www.indeed.com/viewjob?jk=9dc35ffcb7840fad
Vulnerability Analyst (Remote),CrowdStrike,Remote,https://www.indeed.com/viewjob?jk=a413b0b981a30c73
PYTHON DEVELOPER - COUNTERPARTY CREDIT RISK,Talan,"New York, NY+1 location",https://www.indeed.com/viewjob?jk=fd25aa05ec3667ed
"Spaceflight Analyst, Entry-Level",Aevum,"Denver, CO 80205 (Five Points area)",https://www.indeed.com/viewjob?jk=4b9d38f58d9db75b
Software Engineer (Backend),O'Reilly Media,Remote,https://www.indeed.com/viewjob?jk=b2e42e099b00caa8
Backend Dev Python - Accu-Trade,Cars.com,"Remote in Chicago, IL 60606",https://www.indeed.com/viewjob?jk=3c85e7b8ab7310e0
RSA Specialist (Remote),L3Harris Technologies,Remote in United States,https://www.indeed.com/viewjob?jk=f0967db2c16ab944
Full Stack Wed Developer - (Python),Maximus Inc,+1 locationRemote,https://www.indeed.com/viewjob?jk=e28a14ae83403be7
(Junior / Senior) Data Scientist - Sports Analytics,Zelus Analytics,"Remote in Austin, TX",https://www.indeed.com/viewjob?jk=f0dc7447a2cd9b32
decision scientist (multiple openings) - Remote,Starbucks,"Remote in Seattle, WA",https://www.indeed.com/viewjob?jk=3b5ae8cae87c7d62
HR Analytics – Data Scientist (Remote),CrowdStrike,Remote,https://www.indeed.com/viewjob?jk=0f3d9ca92c71056c
Remote Python Developer,Nikola Motor Company,"Remote in Phoenix, AZ",https://www.indeed.com/viewjob?jk=8802fa060b8cb359
Python Tester,Capgemini,"Hybrid remote in New York, NY",https://www.indeed.com/viewjob?jk=5774345582fde187
Python developer,Talkwalker,United States,https://www.indeed.com/viewjob?jk=05761a9dcb867cef
"Software Engineer, Frontend (Remote)",Little Otter,"Remote in Seattle, WA+2 locations",https://www.indeed.com/viewjob?jk=864a47ca67334c6a
Back End Python Developer,Peraton Labs,"Remote in Red Bank, NJ 07701",https://www.indeed.com/viewjob?jk=0a0c4d81aafb815f
Machine Learning Engineer - Python - Digital Labs,Amex,United States+3 locations,https://www.indeed.com/viewjob?jk=9e7ea3c356eb1303
Quantum Deep Learning Research Scientist,IBM,"Yorktown Heights, NY",https://www.indeed.com/viewjob?jk=dc919cd91790c932
Python Application Developer,Morgan Stanley,"Menlo Park, CA 94025+3 locations",https://www.indeed.com/viewjob?jk=e99832c055904f2c
Python Developer,Versa Networks,"Santa Clara, CA 95054",https://www.indeed.com/viewjob?jk=b53d018462c1f455
Back End Python Developer,Peraton Labs,"Remote in Red Bank, NJ 07701",https://www.indeed.com/viewjob?jk=0a0c4d81aafb815f
AI Engineer,Xerox,"Palo Alto, CA",https://www.indeed.com/viewjob?jk=0b6c620f12ea2de9
External Job Post,Hitachi Vantara Corporation,Remote,https://www.indeed.com/viewjob?jk=89292262450b246b
Epidemiologist (Clinical Trials),DLH Corp,Remote,https://www.indeed.com/viewjob?jk=e6a6ffb1e85b4ab5
Middle to Senior Python Developer,NCube,+1 locationRemote,https://www.indeed.com/viewjob?jk=f7d3b4fcce01a484
Remote Python Developer,Nikola Motor Company,"Remote in Phoenix, AZ",https://www.indeed.com/viewjob?jk=8802fa060b8cb359
Trading and Research Analyst,GSR MARKETS PTE. LTD.,"Marina, CA",https://www.indeed.com/viewjob?jk=f9e2fecddc9ba3da
ServiceNow/Data Analyst,Second-61 LLC,Remote,https://www.indeed.com/viewjob?jk=a350830b7aec544e
USA - Data Engineer-Python Pyspark,Avestacs,Remote,https://www.indeed.com/viewjob?jk=eb62262eec4672c8
BI Developer - SSIS/SSRS (REMOTE),CareCentrix,Remote,https://www.indeed.com/viewjob?jk=5ef62d722f6ce300
Data Scientist (Junior),BDSA,"Remote in Louisville, CO",https://www.indeed.com/viewjob?jk=c1e2abfc99160b71
Data Scientist,Equifax,"Atlanta, GA 30309 (Midtown area)+2 locations",https://www.indeed.com/viewjob?jk=cc0bf629dd9eff07
Software Engineer,KickUp,Remote,https://www.indeed.com/viewjob?jk=70eb03e29068b706
Sales Opportunities,RStudio,"Remote in Seattle, WA+1 location",https://www.indeed.com/viewjob?jk=8f0c4d2a405bc478
Data Analyst,Zilliant,Remote,https://www.indeed.com/viewjob?jk=a785db5e564077d3
Python Application Developer,Morgan Stanley,"Menlo Park, CA 94025+3 locations",https://www.indeed.com/viewjob?jk=e99832c055904f2c
Photonics Researcher-Sub THz,Keysight Technologies,"Santa Clara, CA 95051+1 location",https://www.indeed.com/viewjob?jk=334f44c0ade4a701
Problem Adder,LeetCode,Remote,https://www.indeed.com/viewjob?jk=e7fa2dac0d936f6e
"Biomechanics Analyst, Baseball Research & Development",Cleveland Guardians - Baseball Operations,"Remote in Cleveland, OH",https://www.indeed.com/viewjob?jk=035ac486a1cc5dc6
"2022 Graduate – Geoscience Researcher, Energy Upstream (Tetbury)",S&P Global,"Enterprise, AL",https://www.indeed.com/viewjob?jk=45011261d31937c1
Software Developer (Python),Zachary Piper Solutions,+11 locationsRemote,https://www.indeed.com/viewjob?jk=8bd80348e461db65
Data Analyst (Remote),pulseData,"Remote in New York, NY",https://www.indeed.com/viewjob?jk=20d3e043ea23ef18
Jr. Penetration Tester-Remote,PREMISE HEALTH,"Remote in Brentwood, TN 37027",https://www.indeed.com/viewjob?jk=04c9154065dbe9ed
Software Engineer,Powder River Industries (PRI),+1 locationRemote,https://www.indeed.com/viewjob?jk=4bf3695a4b370325
Data Analyst,CSCI Consulting,Remote,https://www.indeed.com/viewjob?jk=4019153cd6ad4a7f
UI DEVELOPER,Capgemini,+1 locationRemote,https://www.indeed.com/viewjob?jk=0f8c6455a37df5ce
Jr. QA Engineer,Aperture Credentialing LLC,Remote,https://www.indeed.com/viewjob?jk=d5433babf461cf6d
Entry-Level Product Review Engineer,BOEING,"Joint Base Charleston, SC+4 locations",https://www.indeed.com/viewjob?jk=ddc48c521df05f7a
Python Developer,"Orpine, Inc. Internal",United States,https://www.indeed.com/viewjob?jk=173e13379895bd57
"Software Engineer, Frontend (Remote)",Little Otter,"Remote in Seattle, WA+2 locations",https://www.indeed.com/viewjob?jk=864a47ca67334c6a
Software Engineer I - Lumere,GHX,Remote,https://www.indeed.com/viewjob?jk=77203faea42a551d
"Criminal Intelligence Analyst, FUSE Intel (US)",TikTok,"Washington, DC",https://www.indeed.com/viewjob?jk=0f0c27c1f8a6c11f
Healthcare Analyst,VirginPulse,Remote,https://www.indeed.com/viewjob?jk=ffbf66a4428d24ab
CS152 Introduction to Python Programming,Park University Adjuncts,"Ogden, UT+2 locations",https://www.indeed.com/viewjob?jk=e57516fa6ee34e9b
"Contract Tech Writer, software developer doc; $50/hr W2, flex-time, 100% remote.",Synergistech,Remote in United States,https://www.indeed.com/viewjob?jk=e5eea03ecaf26a9f
Database Engineer,Meta,+1 locationRemote,https://www.indeed.com/viewjob?jk=d6985ae36f39d071
Data Engineer - Python,Nortal,Remote,https://www.indeed.com/viewjob?jk=ae56a0a28222d3dd
"Survey Research Scientist, People Experience and Technology",Amazon.com Services LLC,+61 locationsRemote,https://www.indeed.com/viewjob?jk=8ec9c8eb77a020db
Python Developer,Gallup,"Hybrid remote in Kansas City, MO 64108+6 locations",https://www.indeed.com/viewjob?jk=9e926e4a14c385b8
Data Analyst,University of North Carolina at Chapel Hill,"Remote in Chapel Hill, NC 27599",https://www.indeed.com/viewjob?jk=dac9a78d2b067c7a
"Data Scientist, Machine Learning",LifeMine,"Cambridge, MA",https://www.indeed.com/viewjob?jk=5a19cc8a41ffa9ee
"Threat Analyst, Adult Nudity & Sexual Activity (ANSA)",TikTok,"Mountain View, CA 94041 (Old Mountain View area)",https://www.indeed.com/viewjob?jk=ea93db9c80d0046c
Data Scientist,Insurity,Remote,https://www.indeed.com/viewjob?jk=446be1f0d696f2fd
Data Scientist I (22-0621),Office of the Attorney General of Texas,"Austin, TX 78741 (Pleasant Valley area)",https://www.indeed.com/viewjob?jk=3c14fad182439513
Fraud Detection Engineer,"Zoom Video Communications, Inc.",Remote,https://www.indeed.com/viewjob?jk=68b332e63397c512
"Data Scientist, Online","Zoom Video Communications, Inc.","Remote in Denver, CO+1 location",https://www.indeed.com/viewjob?jk=1cf6df8ca8684127
Manual Tester,BiSoft,"Redmond, WA 98052 (Downtown area)",https://www.indeed.com/viewjob?jk=f46d550113ee0b33
PYTHON DEVELOPER,OC10,"Charlotte, NC 28202 (Downtown Charlotte area)",https://www.indeed.com/viewjob?jk=f26b8209c93fdd28
Software Engineer (Backend),O'Reilly Media,Remote,https://www.indeed.com/viewjob?jk=b2e42e099b00caa8
"Data Science, Product Analytics",Microsoft,"Remote in Redmond, WA 98052+12 locations",https://www.indeed.com/viewjob?jk=309395b03225294e
"Threat Analyst, Adult Nudity & Sexual Activity (ANSA)",TikTok,"Mountain View, CA 94041 (Old Mountain View area)",https://www.indeed.com/viewjob?jk=ea93db9c80d0046c
Software Engineer - Undergrad New College Grad - Multiple Locations - 2022,Visa,"Austin, TX+16 locations",https://www.indeed.com/viewjob?jk=757618b14d38027a
"Expert Malware Researcher (Open to remote work, except the following locations: SD, VT, and WV)",Nike,"Remote in Beaverton, OR",https://www.indeed.com/viewjob?jk=88e76e6bba14689a
Business Intelligence Analyst,TikTok,"New York, NY 10017 (Midtown area)+1 location",https://www.indeed.com/viewjob?jk=21de06cc2dfab1dd
PYTHON DEVELOPER,Netresolute,"Philadelphia, PA",https://www.indeed.com/viewjob?jk=ed8dbcbf202e6f4e
Streaming & Content Ingest Specialist (Remote),CBS,"Remote in Burbank, CA 91505",https://www.indeed.com/viewjob?jk=70292a5fbb59f1b4
Python-Developers,Celandyne Software Solutions,"Santa Clara, CA 95050",https://www.indeed.com/viewjob?jk=e004e922fdd74fe6
Software Engineer (Full Stack/Python),PacketFabric,"Remote in Ashburn, VA",https://www.indeed.com/viewjob?jk=879419daa4ad9ab4
Python Developer,TeleWorld Solutions Inc,"Plano, TX 75023",https://www.indeed.com/viewjob?jk=4e2900e6012cdf2e
Senior Software Engineer - Python (Operator Development),Canonical,"Remote in New York, NY+4 locations",https://www.indeed.com/viewjob?jk=39d28205a5c92166
Remote Python Software Engineer [Apps Team],Savioke,Remote in United States+1 location,https://www.indeed.com/viewjob?jk=798f589c82048ed3
Client Data Specialist,Louis Vuitton,"New York, NY",https://www.indeed.com/viewjob?jk=b1e95cf69bd39952
Senior Data Analyst,RetailData LLC,"Glen Allen, VA",https://www.indeed.com/viewjob?jk=6a715a95062756a6
Research Specialist - Iran,Tesla Government,"Falls Church, VA",https://www.indeed.com/viewjob?jk=8372e6f0f46c4e6c
Entry Level - Associate Data Engineer - Lansing,IBM,"Lansing, MI 48901+1 location",https://www.indeed.com/viewjob?jk=96d65043de8d771a
Software Engineer - Python Developer,Ascend Learning,"Remote in Leawood, KS 66211",https://www.indeed.com/viewjob?jk=37d5568c3698889d
People Analyst,Pinterest,Remote,https://www.indeed.com/viewjob?jk=f3b563f471d4f30f
Jr Data Analyst - Quantitative Research,SEIU 775 Benefits Group,"Remote in Seattle, WA 98104+1 location",https://www.indeed.com/viewjob?jk=f5f11c5f045c4a66
Oceanographic Data Specialist,J.G. Management Systems,"Remote in Silver Spring, MD",https://www.indeed.com/viewjob?jk=f8e5fa39e8c02916
Python Developer,Velvetech,"Remote in Northbrook, IL 60062",https://www.indeed.com/viewjob?jk=0b62ff075ce8b923
Underwriting Analyst (Remote Friendly),Vouch Insurance,Remote,https://www.indeed.com/viewjob?jk=061735fb034af0a3
Software Engineer (Python),EasyPost,+5 locationsRemote,https://www.indeed.com/viewjob?jk=635f3a811ad774c5
Cloud Engineer - AWS,Piper Companies,+3 locationsRemote,https://www.indeed.com/viewjob?jk=34a28f22ec5cbf8d
Entry level Software Engineer - Assoc Degree,LOCKHEED MARTIN CORPORATION,"Littleton, CO 80125+1 location",https://www.indeed.com/viewjob?jk=5bcdb1a99095cad8
"Analyst, Corporate Strategy",Yelp,Remote,https://www.indeed.com/viewjob?jk=786a70f7a4f082c8
Python Developer for CDS,Xcelerate Solutions,"Remote in Lorton, VA 22079",https://www.indeed.com/viewjob?jk=87f38191149d23df
Remote Data Scientist (Credit Risk),Piper Companies,+1 locationRemote,https://www.indeed.com/viewjob?jk=3f5d194042fc5659
Full Stack Developer,Piper Companies,+5 locationsRemote,https://www.indeed.com/viewjob?jk=8b55e574a037bbd0
Marketing Analyst,Meta,+7 locationsRemote,https://www.indeed.com/viewjob?jk=4bf46731a398013a
Entry Level Software Developer,Property Matrix,"Thousand Oaks, CA+8 locations",https://www.indeed.com/viewjob?jk=390b1386167bb949
"Junior Cloud Engineer ( AWS, Python, Rust, Java)",Change Healthcare,"Remote in Fort Worth, TX+101 locations",https://www.indeed.com/viewjob?jk=ba29c18368c779de
Bigdata Engineer (Python,Anblicks,"Remote in Dallas, TX",https://www.indeed.com/viewjob?jk=ff28859d251a7c61
Python Backend Engineer,Career Soft Solutions,"Sunnyvale, CA 94085+1 location",https://www.indeed.com/viewjob?jk=6b263c33ac048f48
Vulnerability Management Engineer,Blizzard Entertainment,"Irvine, CA 92618",https://www.indeed.com/viewjob?jk=e14d64dad9c34d28
Senior Software Engineer - Python,Cowbell Cyber Inc.,"Remote in Pleasanton, CA 94566",https://www.indeed.com/viewjob?jk=b85103fe58fee918
Python Developer,Versa Networks,"Santa Clara, CA 95054",https://www.indeed.com/viewjob?jk=b53d018462c1f455
"Staff Data Scientist, Product Analytics",Etsy,"Remote in Brooklyn, NY 11201",https://www.indeed.com/viewjob?jk=ffd7c321a7e95fcf
Senior Python Developer,"ABC Financial Services, Inc.",Remote,https://www.indeed.com/viewjob?jk=24e90fbc891adfd7
Software Engineer,SmartAsset,+1 locationRemote,https://www.indeed.com/viewjob?jk=a83999fb6607d580
SoftwareDevelopmentEngineer I,Amazon.com Services LLC,"Seattle, WA+126 locations",https://www.indeed.com/viewjob?jk=2267e9f1f00b9d2b
Information Security Analyst,MassMutual,"Remote in Springfield, MA 01111",https://www.indeed.com/viewjob?jk=c09b93f1891acc93
Pyspark/Python Developer,Tra’Bian Enterprises,"Temporarily Remote in Dallas, TX",https://www.indeed.com/viewjob?jk=2e3e5bc6bb0f298a
DeFi Researcher,Ripple,"San Francisco, CA 94105 (Financial District/South Beach area)+1 location",https://www.indeed.com/viewjob?jk=e5388f041fda4e4f
"Database Engineer , RDS Aurora PostgreSQL",Amazon.com Services LLC,+10 locationsRemote,https://www.indeed.com/viewjob?jk=db546e0f6fd7d1aa
Data Analyst,Zilliant,Remote,https://www.indeed.com/viewjob?jk=a785db5e564077d3
Software Engineer I,Principal Financial Group,"Des Moines, IA 50392 (Downtown Des Moines area)+1 location",https://www.indeed.com/viewjob?jk=510452e943b526a4
Python Developers,Kynite,"Fargo, ND",https://www.indeed.com/viewjob?jk=224481bea6e336bf
"Data Engineer II (Python, SQL)","The Travelers Companies, Inc.","Remote in Hartford, CT+12 locations",https://www.indeed.com/viewjob?jk=8737abdae5e4f8a0
Senior Python Developer,SunPower,Remote in California+1 location,https://www.indeed.com/viewjob?jk=ad70527857c1d17d
